{"cameraMode":{"drawMode":0,"name":"Shaded","section":"Shading Mode"},"sceneLighting":false,"audioPlay":false,"sceneViewState":{"m_AlwaysRefresh":false,"showFog":true,"showSkybox":false,"showFlares":true,"showImageEffects":true,"showParticleSystems":true,"showVisualEffectGraphs":true,"m_FxEnabled":true},"in2DMode":false,"pivot":{"x":-0.10749143362045288,"y":-0.054532140493392947,"z":0.24996042251586915},"rotation":{"x":0.16095256805419923,"y":-0.5318778157234192,"z":0.10378111898899079,"w":0.8248938918113709},"size":0.3234570622444153,"orthographic":false}