{"cameraMode":{"drawMode":0,"name":"Shaded","section":"Shading Mode"},"sceneLighting":true,"audioPlay":false,"sceneViewState":{"m_AlwaysRefresh":false,"showFog":true,"showSkybox":true,"showFlares":true,"showImageEffects":true,"showParticleSystems":true,"showVisualEffectGraphs":true,"m_FxEnabled":true},"in2DMode":false,"pivot":{"x":3.2063865661621095,"y":11.398468017578125,"z":17.443763732910158},"rotation":{"x":-0.021601492539048196,"y":-0.9619356393814087,"z":0.2607431411743164,"w":-0.07981538772583008},"size":2.430846691131592,"orthographic":false}