{"cameraMode":{"drawMode":0,"name":"Shaded","section":"Shading Mode"},"sceneLighting":true,"audioPlay":false,"sceneViewState":{"m_AlwaysRefresh":false,"showFog":true,"showSkybox":true,"showFlares":true,"showImageEffects":true,"showParticleSystems":true,"showVisualEffectGraphs":true,"m_FxEnabled":true},"in2DMode":false,"pivot":{"x":-0.8047761917114258,"y":2.0953431129455568,"z":1.4050825834274293},"rotation":{"x":0.07405688613653183,"y":-0.8431524634361267,"z":0.12026131898164749,"w":0.5189386606216431},"size":1.4458523988723755,"orthographic":false}