{"cameraMode":{"drawMode":0,"name":"Shaded","section":"Shading Mode"},"sceneLighting":false,"audioPlay":false,"sceneViewState":{"m_AlwaysRefresh":false,"showFog":true,"showSkybox":false,"showFlares":true,"showImageEffects":true,"showParticleSystems":true,"showVisualEffectGraphs":true,"m_FxEnabled":true},"in2DMode":false,"pivot":{"x":4.4360880851745609,"y":1.0888439416885377,"z":2.3558664321899416},"rotation":{"x":0.10374525189399719,"y":-0.29064202308654787,"z":0.031718622893095019,"w":0.9506670832633972},"size":4.398928642272949,"orthographic":false}